trait,trait_id,zscore,effect_size,var_g,pvalue
"trait1","Z87",1.4221918672631735,1.4693495241474155,8.449489281785183e-05,0.15497055908095822
"trait2","Z85",1.3390219360814946,1.9214411460436887,0.00010732013931252787,0.18056353180998175
